
<annotation>
    <folder>images</folder>
    <filename>Cars250.png</filename>
    <size>
        <width>400</width>
        <height>248</height>
        <depth>3</depth>
    </size>
    <segmented>0</segmented>
    <object>
        <name>licence</name>
        <pose>Unspecified</pose>
        <truncated>0</truncated>
        <occluded>0</occluded>
        <difficult>0</difficult>
        <bndbox>
            <xmin>132</xmin>
            <ymin>123</ymin>
            <xmax>261</xmax>
            <ymax>160</ymax>
        </bndbox>
    </object>
</annotation>