
<annotation>
    <folder>images</folder>
    <filename>Cars239.png</filename>
    <size>
        <width>500</width>
        <height>400</height>
        <depth>3</depth>
    </size>
    <segmented>0</segmented>
    <object>
        <name>licence</name>
        <pose>Unspecified</pose>
        <truncated>0</truncated>
        <occluded>0</occluded>
        <difficult>0</difficult>
        <bndbox>
            <xmin>176</xmin>
            <ymin>254</ymin>
            <xmax>326</xmax>
            <ymax>284</ymax>
        </bndbox>
    </object>
</annotation>