
<annotation>
    <folder>images</folder>
    <filename>Cars386.png</filename>
    <size>
        <width>600</width>
        <height>450</height>
        <depth>3</depth>
    </size>
    <segmented>0</segmented>
    <object>
        <name>licence</name>
        <pose>Unspecified</pose>
        <truncated>0</truncated>
        <occluded>0</occluded>
        <difficult>0</difficult>
        <bndbox>
            <xmin>83</xmin>
            <ymin>307</ymin>
            <xmax>221</xmax>
            <ymax>368</ymax>
        </bndbox>
    </object>
</annotation>