
<annotation>
    <folder>images</folder>
    <filename>Cars244.png</filename>
    <size>
        <width>400</width>
        <height>300</height>
        <depth>3</depth>
    </size>
    <segmented>0</segmented>
    <object>
        <name>licence</name>
        <pose>Unspecified</pose>
        <truncated>0</truncated>
        <occluded>0</occluded>
        <difficult>0</difficult>
        <bndbox>
            <xmin>20</xmin>
            <ymin>87</ymin>
            <xmax>360</xmax>
            <ymax>155</ymax>
        </bndbox>
    </object>
</annotation>