
<annotation>
    <folder>images</folder>
    <filename>Cars223.png</filename>
    <size>
        <width>600</width>
        <height>400</height>
        <depth>3</depth>
    </size>
    <segmented>0</segmented>
    <object>
        <name>licence</name>
        <pose>Unspecified</pose>
        <truncated>0</truncated>
        <occluded>0</occluded>
        <difficult>0</difficult>
        <bndbox>
            <xmin>347</xmin>
            <ymin>231</ymin>
            <xmax>407</xmax>
            <ymax>249</ymax>
        </bndbox>
    </object>
</annotation>