
<annotation>
    <folder>images</folder>
    <filename>Cars384.png</filename>
    <size>
        <width>400</width>
        <height>300</height>
        <depth>3</depth>
    </size>
    <segmented>0</segmented>
    <object>
        <name>licence</name>
        <pose>Unspecified</pose>
        <truncated>0</truncated>
        <occluded>0</occluded>
        <difficult>0</difficult>
        <bndbox>
            <xmin>219</xmin>
            <ymin>194</ymin>
            <xmax>271</xmax>
            <ymax>230</ymax>
        </bndbox>
    </object>
</annotation>