
<annotation>
    <folder>images</folder>
    <filename>Cars217.png</filename>
    <size>
        <width>400</width>
        <height>240</height>
        <depth>3</depth>
    </size>
    <segmented>0</segmented>
    <object>
        <name>licence</name>
        <pose>Unspecified</pose>
        <truncated>0</truncated>
        <occluded>0</occluded>
        <difficult>0</difficult>
        <bndbox>
            <xmin>149</xmin>
            <ymin>196</ymin>
            <xmax>223</xmax>
            <ymax>231</ymax>
        </bndbox>
    </object>
</annotation>