
<annotation>
    <folder>images</folder>
    <filename>Cars403.png</filename>
    <size>
        <width>400</width>
        <height>320</height>
        <depth>3</depth>
    </size>
    <segmented>0</segmented>
    <object>
        <name>licence</name>
        <pose>Unspecified</pose>
        <truncated>0</truncated>
        <occluded>0</occluded>
        <difficult>0</difficult>
        <bndbox>
            <xmin>296</xmin>
            <ymin>189</ymin>
            <xmax>332</xmax>
            <ymax>209</ymax>
        </bndbox>
    </object>
    <object>
        <name>licence</name>
        <pose>Unspecified</pose>
        <truncated>0</truncated>
        <occluded>0</occluded>
        <difficult>0</difficult>
        <bndbox>
            <xmin>23</xmin>
            <ymin>173</ymin>
            <xmax>54</xmax>
            <ymax>192</ymax>
        </bndbox>
    </object>
</annotation>