
<annotation>
    <folder>images</folder>
    <filename>Cars389.png</filename>
    <size>
        <width>600</width>
        <height>450</height>
        <depth>3</depth>
    </size>
    <segmented>0</segmented>
    <object>
        <name>licence</name>
        <pose>Unspecified</pose>
        <truncated>0</truncated>
        <occluded>0</occluded>
        <difficult>0</difficult>
        <bndbox>
            <xmin>77</xmin>
            <ymin>305</ymin>
            <xmax>222</xmax>
            <ymax>370</ymax>
        </bndbox>
    </object>
</annotation>