
<annotation>
    <folder>images</folder>
    <filename>Cars329.png</filename>
    <size>
        <width>400</width>
        <height>255</height>
        <depth>3</depth>
    </size>
    <segmented>0</segmented>
    <object>
        <name>licence</name>
        <pose>Unspecified</pose>
        <truncated>0</truncated>
        <occluded>0</occluded>
        <difficult>0</difficult>
        <bndbox>
            <xmin>166</xmin>
            <ymin>142</ymin>
            <xmax>224</xmax>
            <ymax>176</ymax>
        </bndbox>
    </object>
</annotation>