
<annotation>
    <folder>images</folder>
    <filename>Cars404.png</filename>
    <size>
        <width>370</width>
        <height>400</height>
        <depth>3</depth>
    </size>
    <segmented>0</segmented>
    <object>
        <name>licence</name>
        <pose>Unspecified</pose>
        <truncated>0</truncated>
        <occluded>0</occluded>
        <difficult>0</difficult>
        <bndbox>
            <xmin>162</xmin>
            <ymin>208</ymin>
            <xmax>235</xmax>
            <ymax>244</ymax>
        </bndbox>
    </object>
</annotation>