
<annotation>
    <folder>images</folder>
    <filename>Cars166.png</filename>
    <size>
        <width>300</width>
        <height>400</height>
        <depth>3</depth>
    </size>
    <segmented>0</segmented>
    <object>
        <name>licence</name>
        <pose>Unspecified</pose>
        <truncated>0</truncated>
        <occluded>0</occluded>
        <difficult>0</difficult>
        <bndbox>
            <xmin>148</xmin>
            <ymin>123</ymin>
            <xmax>201</xmax>
            <ymax>150</ymax>
        </bndbox>
    </object>
</annotation>