
<annotation>
    <folder>images</folder>
    <filename>Cars334.png</filename>
    <size>
        <width>400</width>
        <height>204</height>
        <depth>3</depth>
    </size>
    <segmented>0</segmented>
    <object>
        <name>licence</name>
        <pose>Unspecified</pose>
        <truncated>0</truncated>
        <occluded>0</occluded>
        <difficult>0</difficult>
        <bndbox>
            <xmin>155</xmin>
            <ymin>146</ymin>
            <xmax>211</xmax>
            <ymax>162</ymax>
        </bndbox>
    </object>
</annotation>