
<annotation>
    <folder>images</folder>
    <filename>Cars154.png</filename>
    <size>
        <width>375</width>
        <height>500</height>
        <depth>3</depth>
    </size>
    <segmented>0</segmented>
    <object>
        <name>licence</name>
        <pose>Unspecified</pose>
        <truncated>0</truncated>
        <occluded>0</occluded>
        <difficult>0</difficult>
        <bndbox>
            <xmin>70</xmin>
            <ymin>197</ymin>
            <xmax>264</xmax>
            <ymax>265</ymax>
        </bndbox>
    </object>
</annotation>