
<annotation>
    <folder>images</folder>
    <filename>Cars260.png</filename>
    <size>
        <width>400</width>
        <height>240</height>
        <depth>3</depth>
    </size>
    <segmented>0</segmented>
    <object>
        <name>licence</name>
        <pose>Unspecified</pose>
        <truncated>0</truncated>
        <occluded>0</occluded>
        <difficult>0</difficult>
        <bndbox>
            <xmin>170</xmin>
            <ymin>112</ymin>
            <xmax>232</xmax>
            <ymax>129</ymax>
        </bndbox>
    </object>
</annotation>