
<annotation>
    <folder>images</folder>
    <filename>Cars256.png</filename>
    <size>
        <width>400</width>
        <height>245</height>
        <depth>3</depth>
    </size>
    <segmented>0</segmented>
    <object>
        <name>licence</name>
        <pose>Unspecified</pose>
        <truncated>0</truncated>
        <occluded>0</occluded>
        <difficult>0</difficult>
        <bndbox>
            <xmin>286</xmin>
            <ymin>175</ymin>
            <xmax>400</xmax>
            <ymax>212</ymax>
        </bndbox>
    </object>
</annotation>