
<annotation>
    <folder>images</folder>
    <filename>Cars394.png</filename>
    <size>
        <width>555</width>
        <height>416</height>
        <depth>3</depth>
    </size>
    <segmented>0</segmented>
    <object>
        <name>licence</name>
        <pose>Unspecified</pose>
        <truncated>0</truncated>
        <occluded>0</occluded>
        <difficult>0</difficult>
        <bndbox>
            <xmin>291</xmin>
            <ymin>167</ymin>
            <xmax>410</xmax>
            <ymax>190</ymax>
        </bndbox>
    </object>
</annotation>