
<annotation>
    <folder>images</folder>
    <filename>Cars261.png</filename>
    <size>
        <width>480</width>
        <height>360</height>
        <depth>3</depth>
    </size>
    <segmented>0</segmented>
    <object>
        <name>licence</name>
        <pose>Unspecified</pose>
        <truncated>0</truncated>
        <occluded>0</occluded>
        <difficult>0</difficult>
        <bndbox>
            <xmin>1</xmin>
            <ymin>74</ymin>
            <xmax>464</xmax>
            <ymax>154</ymax>
        </bndbox>
    </object>
</annotation>