
<annotation>
    <folder>images</folder>
    <filename>Cars273.png</filename>
    <size>
        <width>590</width>
        <height>350</height>
        <depth>3</depth>
    </size>
    <segmented>0</segmented>
    <object>
        <name>licence</name>
        <pose>Unspecified</pose>
        <truncated>0</truncated>
        <occluded>0</occluded>
        <difficult>0</difficult>
        <bndbox>
            <xmin>74</xmin>
            <ymin>132</ymin>
            <xmax>264</xmax>
            <ymax>173</ymax>
        </bndbox>
    </object>
</annotation>