
<annotation>
    <folder>images</folder>
    <filename>Cars222.png</filename>
    <size>
        <width>400</width>
        <height>230</height>
        <depth>3</depth>
    </size>
    <segmented>0</segmented>
    <object>
        <name>licence</name>
        <pose>Unspecified</pose>
        <truncated>0</truncated>
        <occluded>0</occluded>
        <difficult>0</difficult>
        <bndbox>
            <xmin>178</xmin>
            <ymin>158</ymin>
            <xmax>235</xmax>
            <ymax>170</ymax>
        </bndbox>
    </object>
</annotation>