
<annotation>
    <folder>images</folder>
    <filename>Cars391.png</filename>
    <size>
        <width>431</width>
        <height>242</height>
        <depth>3</depth>
    </size>
    <segmented>0</segmented>
    <object>
        <name>licence</name>
        <pose>Unspecified</pose>
        <truncated>0</truncated>
        <occluded>0</occluded>
        <difficult>0</difficult>
        <bndbox>
            <xmin>270</xmin>
            <ymin>163</ymin>
            <xmax>320</xmax>
            <ymax>190</ymax>
        </bndbox>
    </object>
</annotation>