
<annotation>
    <folder>images</folder>
    <filename>Cars321.png</filename>
    <size>
        <width>301</width>
        <height>400</height>
        <depth>3</depth>
    </size>
    <segmented>0</segmented>
    <object>
        <name>licence</name>
        <pose>Unspecified</pose>
        <truncated>0</truncated>
        <occluded>0</occluded>
        <difficult>0</difficult>
        <bndbox>
            <xmin>134</xmin>
            <ymin>235</ymin>
            <xmax>169</xmax>
            <ymax>246</ymax>
        </bndbox>
    </object>
</annotation>