
<annotation>
    <folder>images</folder>
    <filename>Cars275.png</filename>
    <size>
        <width>400</width>
        <height>215</height>
        <depth>3</depth>
    </size>
    <segmented>0</segmented>
    <object>
        <name>licence</name>
        <pose>Unspecified</pose>
        <truncated>0</truncated>
        <occluded>0</occluded>
        <difficult>0</difficult>
        <bndbox>
            <xmin>99</xmin>
            <ymin>150</ymin>
            <xmax>162</xmax>
            <ymax>167</ymax>
        </bndbox>
    </object>
</annotation>